dedup_id,title,authors,first_author,first_author_lastname,year,published_date,summary,doi,arxiv_id,journal_ref,source,relevance,category,sub_tags,url,arxiv_url,source_query
doi:10.1109/LWC.2026.3651641,Semantic-Driven Multi-UAV Cooperative Communication With Joint Positioning and Resource Allocation,Wanli Wen; Weiran Guo; Liang Liang; Yunjian Jia,Wanli Wen,Wen,,,"Semantic communication represents a new paradigm for sixth-generation wireless networks that prioritizes meaning-centric transmission. Uncrewed aerial vehicles (UAVs) provide deployment flexibility and line-of-sight connectivity for coverage. The integration of these technologies presents challenges in the optimization of UAV deployment, radio resources, and semantic content fidelity. This letter proposes a framework for multi-UAV-enabled semantic communication that uses coordinated multipoint transmission. We formulate a problem to maximize the sum Quality of Experience (QoE) of all users by optimizing UAV positioning, cooperative beamforming, and semantic compression ratios, which results in a mixed-integer nonlinear programming problem. To solve this problem, we develop a hybrid alternating learning and optimization (HALO) algorithm. HALO decomposes the problem, using proximal policy optimization for discrete semantic compression decisions and an alternating optimization method for ",10.1109/LWC.2026.3651641,,IEEE Wireless Communications Letters,Semantic Scholar,high,UAV-Semantic-Communication,uav semantic communication,https://doi.org/10.1109/LWC.2026.3651641,,UAV semantic communication cooperative
doi:10.1109/WCSP68525.2025.1010529,Joint Delay and Energy Optimization in MEC-Enabled Multi-UAV Semantic Communication Systems,Shihang Zhang; Haibo Dai; Haitao Zhao,Shihang Zhang,Zhang,2025,2025-10-23,"With the rapid development of the low-altitude economy, multi-UAV systems integrating semantic communication and mobile edge computing (MEC) have emerged as a promising solution for urban intelligence tasks. By extracting local semantic information and offloading the processed data to MEC servers, these systems enable low latency and low overhead communication. However, semantic processing introduces additional computational burdens, increasing the complexity of joint mobility control and resource scheduling. In such scenarios, the dynamic and computationally intensive environment places higher demands on UAV coordination and resource management. Performing effective orchestration of UAV trajectories, energy consumption, and latency has become a critical challenge. To address the issues of excessive delay and energy consumption, this paper proposes a federated deep reinforcement learning framework with a hybrid action space to jointly optimize UAV mobility control and resource allocati",10.1109/WCSP68525.2025.1010529,,2025 Seventeenth International Conference on Wireless Communications and Signal Processing (WCSP),Semantic Scholar,high,UAV-Semantic-Communication,uav semantic communication,https://doi.org/10.1109/WCSP68525.2025.1010529,,UAV semantic communication cooperative
doi:10.1139/dsa-2024-0049,Optimization Research on UAV Semantic Communication System Based on SVD-MADRL,Yibo Yang; Yahe Tan; Liu Liu,Yibo Yang,Yang,2025,2025-04-28,"The study optimizes the flight trajectory and power of multiple unmanned aerial vehicles with the deep deterministic policy gradient algorithm, and constructs a multi-unmanned aerial vehicle semantic communication optimization model based on singular value decomposition and multi-agent deep reinforcement learning. The results show that the relay system developed in this study is better than traditional algorithms in terms of coverage and flight path, with a coverage rate of up to 90%. Moreover, the energy consumption of the model to complete task transmission is only 2835 joules, and the delay time is only 15 seconds. In addition, compared with traditional algorithms, the semantic communication optimization model constructed in this study performs the best in terms of total reward, data collection efficiency, and accuracy. It has strong stability and convergence ability, with an accuracy close to 1, significantly improving the accuracy and efficiency of unmanned aerial vehicle communic",10.1139/dsa-2024-0049,,Drone Systems and Applications,Semantic Scholar,high,Multi-Agent-Coordination,uav semantic communication; uav trajectory optimization multi-agent; multi-agent reinforcement learning uav coverage,https://doi.org/10.1139/dsa-2024-0049,,UAV semantic communication cooperative
doi:10.1109/TCOMM.2025.3552303,Resource Allocation for Multi-Modal Semantic Communication in UAV Collaborative Networks,Han Hu; Xingwu Zhu; Fuhui Zhou; Wei Wu; Rose Qingyang Hu; Hongbo Zhu,Han Hu,Hu,2025,2025-09-01,"Semantic communication is envisioned as a potential communication paradigm enabled by artificial intelligence and is promising to break the Shannon limit for future 6G networks. This paradigm benefits uninhabited aerial vehicles (UAVs) to conserve communication resources and minimize latency by only transmitting task-relevant semantic information. However, resource allocation in the multiple collaborative UAV scenarios remains unexplored, particularly regarding multi-modal semantic communication. To tackle this challenge, this paper investigates a semantic-aware intelligent resource allocation method for multi-UAV-assisted semantic communication networks in the UAV image-sensing task-oriented scenario. A multi-modal semantic communication framework with multi-UAV relay collaboration is developed. At the semantic level, a novel quality of experience (QoE) and the transmission cost model are introduced, based on which a semantic-aware resource allocation problem is formulated, aiming to ",10.1109/TCOMM.2025.3552303,,IEEE Transactions on Communications,Semantic Scholar,high,UAV-Semantic-Communication,uav semantic communication; uav task-oriented semantic; task-oriented image transmission uav; multi-modal semantic communication uav,https://doi.org/10.1109/TCOMM.2025.3552303,,UAV semantic communication cooperative
doi:10.1109/ICCC65529.2025.11148643,Task-Oriented Semantic Communication System for Maritime Patrol Surveillance,Jiaxue Li; Bin Lin; Xiaoling Han; Xingao Mei; Wei Xiong,Jiaxue Li,Li,2025,2025-08-10,"The rapid development of the shipping industry has propelled the diversified development of maritime patrol surveillance, where unmanned surface vehicle (USV) is tasked with performing autonomous and long-duration patrol missions. However, traditional communication frameworks struggle to process multimodal data, enable real-time decision-making, and meet the demands of dynamic maritime environments. To address these issues, we propose a Visual Question-Answering Maritime Semantic Communication System (VQA-MSCS), a task-oriented semantic communication framework. It integrates semantic communication to optimize operational efficiency. Specifically, real-time maritime imagery is captured and transmitted by an unmanned aerial vehicle (UAV), while text-based queries are formulated by a patrol USV based on mission requirements. The computational UAV (C-UAV) performs multimodal semantic analysis, aligning and interpreting the visual and textual data to generate precise answers that are sent b",10.1109/ICCC65529.2025.11148643,,2025 IEEE/CIC International Conference on Communications in China (ICCC),Semantic Scholar,high,UAV-Semantic-Communication,uav semantic communication; uav task-oriented semantic,https://doi.org/10.1109/ICCC65529.2025.11148643,,UAV task-oriented communication drone
doi:10.1109/GLOBECOM59602.2025.11432633,Semantic Communication for UAV-Enabled Multi-Modal Task Offloading in Low-Altitude Intelligent Networks,Changyuan Xu; Helin Yang; Cheng Zhan; Xiangda Lin,Changyuan Xu,Xu,2025,2025-12-08,"The integration of mobile edge computing (MEC) with semantic communication (SemCom) has emerged as a promising solution to address the growing demand for computing services. However, challenges remain in balancing task delay and energy consumption for unmanned aerial vehicles (UAVs) providing dynamic edge services, as the diversity of tasks complicates offloading and resource allocation. This paper investigates a multi-modal task offloading problem for Task-Oriented SemCom (TOSC)-based low-altitude MEC networks. We aim to minimize the weighted sum of ground devices’ average task delay and UAV’s energy consumption by jointly optimizing task offloading indicators, as well as the three-dimensional (3D) trajectory and computing resources of the UAV. To solve the formulated nonconvex optimization problem, which involves discrete and continuous variables, we propose an exact Penalty-based Alternative and soft Penalty-based Proximal Policy Optimization (PA-P3O) algorithm. Specifically, we dev",10.1109/GLOBECOM59602.2025.11432633,,GLOBECOM 2025 - 2025 IEEE Global Communications Conference,Semantic Scholar,high,UAV-Semantic-Communication,uav semantic communication; uav task-oriented semantic; uav resource allocation trajectory optimization; multi-modal semantic communication uav,https://doi.org/10.1109/GLOBECOM59602.2025.11432633,,UAV task-oriented communication drone
doi:10.62306/d54q8p10,Multimodal Large Models-Driven Precise Perception in Complex Low-Altitude UAV Environments: A Survey on Adaptive Edge Intelligence and Swarm Collaboration,Chenchen He; Dongran Sun; Xuexue Zhang,Chenchen He,He,2025,2025-12-20,"Unmanned aerial vehicles (UAVs) equipped with long-endurance remote sensing capabilities have revolutionized applications in economic development, national defense, emergency response, and disaster monitoring. However, traditional centralized processing paradigms suffer from high latency, resource inefficiency, and poor adaptability to dynamic low-altitude environments. This survey reviews advancements in multimodal large models (MLMs) for precise detection and perception in complex low-altitude scenarios, emphasizing three core challenges: enhancing intelligent terminal perception for adaptive learning, bolstering multi-UAV collaborative coverage through federated evolution, and achieving high-fidelity 3D perception via multimodal fusion. We synthesize recent developments in self-evolving online learning frameworks, asynchronous distributed federated optimization, and Transformer-based MLMs tailored for heterogeneous sensor data (e.g., LiDAR and multi-view cameras). Key contributions ",10.62306/d54q8p10,,Digital Science,Semantic Scholar,high,Uncategorized,,https://doi.org/10.62306/d54q8p10,,multi-UAV collaborative perception edge
doi:10.1109/ISPA67752.2025.00045,Generative AI-Enhanced Energy-Efficient Multi-UAV Collaborative Mobile Edge Computing,Hu He; Jun Peng; Lin Cai; Weirong Liu; Zhiwu Huang,Hu He,He,2025,2025-10-10,"Mobile edge computing (MEC) has emerged as a key enabler for low-latency and computation-intensive applications. However, conventional terrestrial MEC networks face challenges in coverage, scalability, and dynamic environments. To address these limitations, this paper explores unmanned aerial vehicle (UAV)-assisted MEC, leveraging the mobility and flexibility of UAVs to enhance edge computing performance. However, challenges such as dynamic mobile user association, multi-UAV collaborative trajectory design, and limited communication and computation resources remain significant hurdles. We then formulate a joint optimization problem for user association, trajectory design, and resource allocation for the multi-UAV collaborative MEC network, aiming to minimize system cost considering computation task demands and UAV resource constraints. The problem, modeled as a Mixed Integer NonLinear Program (MINLP), is reformulated as a decentralized partially observable Markov decision process (Dec-",10.1109/ISPA67752.2025.00045,,2025 IEEE International Symposium on Parallel and Distributed Processing with Applications (ISPA),Semantic Scholar,high,UAV-Resource-Allocation,uav resource allocation trajectory optimization; uav energy-efficient resource allocation,https://doi.org/10.1109/ISPA67752.2025.00045,,multi-UAV collaborative perception edge
doi:10.48550/arXiv.2510.06901,Adaptive Semantic Communication for UAV/UGV Cooperative Path Planning,Fangzhou Zhao; Yao Sun; Jianglin Lan; Lan Zhang; Xuesong Liu; Muhammad Ali Imran,Fangzhou Zhao,Zhao,2025,2025-10-08,"Effective path planning is fundamental to the coordination of unmanned aerial vehicles (UAVs) and unmanned ground vehicles (UGVs) systems, particularly in applications such as surveillance, navigation, and emergency response. Combining UAVs'broad field of view with UGVs'ground-level operational capability greatly improve the likelihood of successfully achieving task objectives such as locating victims, monitoring target areas, or navigating hazardous terrain. In complex environments, UAVs need to provide precise environmental perception information for UGVs to optimize their routing policy. However, due to severe interference and non-line-of-sight conditions, wireless communication is often unstable in such complex environments, making it difficult to support timely and accurate path planning for UAV-UGV coordination. To this end, this paper proposes a semantic communication (SemCom) framework to enhance UAV/UGV cooperative path planning under unreliable wireless conditions. Unlike tra",10.48550/arXiv.2510.06901,2510.06901,ArXiv,Semantic Scholar,medium,UAV-Semantic-Communication,uav semantic communication,https://arxiv.org/abs/2510.06901,https://arxiv.org/abs/2510.06901,UAV semantic communication cooperative
doi:10.1109/ICCCS65393.2025.11069451,Semantic Communication Assisted Cooperative Sensing in UAV Networks,Yu Deng; Supeng Leng; Ke Zhang; Jian He; Longyu Zhou; Tony Q. S. Quek,Yu Deng,Deng,2025,2025-04-18,"Cooperative sensing and computing are crucial for high-efficiency task completion in numerous Unmanned Aerial Vehicle (UAV) networks-based sensing applications. However, the frequent data exchange among UAVs strains communication bandwidth resources. This challenge can be further exacerbated in low signal-to-interference-plus-noise ratio (SINR) environments. Semantic communication, by extracting and transmitting task-relevant semantic information rather than raw bit streams, offers a novel approach to mitigate these issues by significantly reducing the transmission data volume while enhancing the system's robustness against noise-induced distortions. In this paper, we propose a cooperative sensing semantic communication framework with a variable semantic compression ratio in the scenario of UAVs-based multi-target cooperative sensing. We then design a resource scheduling strategy in order to efficiently integrate the limited resources of the UAVs to simultaneously enhance sensing accur",10.1109/ICCCS65393.2025.11069451,,2025 10th International Conference on Computer and Communication System (ICCCS),Semantic Scholar,medium,UAV-Semantic-Communication,uav semantic communication,https://doi.org/10.1109/ICCCS65393.2025.11069451,,UAV semantic communication cooperative
doi:10.1109/GLOBECOM59602.2025.11431691,Semantic Communication Empowered Transmission Policy for UAV/UGV Cooperative Path Planning,Fangzhou Zhao; Yao Sun; Jianglin Lan; Lan Zhang; Xuesong Liu; M. Imran,Fangzhou Zhao,Zhao,2025,2025-12-08,"The coordinated control of unmanned aerial vehicles (UAVs) and unmanned ground vehicles (UGVs) offers significant advantages in applications such as surveillance, navigation, and emergency response. Effective path planning is essential in such missions, especially in complex environments where UAVs must relay accurate environmental data to assist UGVs. However, in urban environments and disaster zones, wireless communication is often unstable due to severe interference and non-line-of-sight conditions, making it difficult to support timely and accurate path planning for UAV-UGV coordination. To this end, this paper proposes a semantic communication (SemCom) framework specifically designed to enhance the reliability for UAV/UGV cooperative path planning under unreliable wireless conditions. SemCom transmits only key information for path planning, reducing transmission volume without sacrificing accuracy. Based on this framework, a SemCom transceiver is designed to fulfill the requiremen",10.1109/GLOBECOM59602.2025.11431691,,GLOBECOM 2025 - 2025 IEEE Global Communications Conference,Semantic Scholar,medium,UAV-Semantic-Communication,uav semantic communication,https://doi.org/10.1109/GLOBECOM59602.2025.11431691,,UAV semantic communication cooperative
doi:10.1109/tvt.2026.3673755,Design of Multi-UAV Cooperative Deep Semantic Autoencoders for Communication Networks,Xiaoling Han; Bin Lin; Nan Wu; Tony Q. S. Quek,Xiaoling Han,Han,,,,10.1109/tvt.2026.3673755,,IEEE Transactions on Vehicular Technology,Semantic Scholar,medium,UAV-Semantic-Communication,uav semantic communication,https://doi.org/10.1109/tvt.2026.3673755,,UAV semantic communication cooperative
doi:10.1109/VTC2025-Spring65109.2025.11174638,Diffusion Model-Enabled Intelligent Channel Denoising for UAV Semantic Communication,Pengfei Ren; Jingjing Wang; J. Qian; Jianrui Chen; Xin Zhang; Chunxiao Jiang,Pengfei Ren,Ren,2025,2025-06-17,"Semantic communication (SC), by compressing raw data at the semantic level, significantly improves the information entropy of transmitted data and is considered as one of the key enabling technologies for the next-generation communication. However, most current research underestimates the impact of channel interference on SC systems. As an innovative generative artificial intelligence technique, the diffusion model (DM) has demonstrated remarkable performance in image denoising and enhancement. In this paper, we focus on the effects of wireless channels on SC image transmission and propose an unmanned aerial vehicle (UAV)-enhanced SC framework, termed diffusion joint source-channel coding (D-JSCC). Initially, we deploy a ground-to-air SC system on UAVs, utilizing the aerial advantage to provide favorable channels. Subsequently, we employ DM for intelligent signal processing, adaptively denoising channel interferences and optimizing received images with respect to numerical errors and p",10.1109/VTC2025-Spring65109.2025.11174638,,2025 IEEE 101st Vehicular Technology Conference (VTC2025-Spring),Semantic Scholar,medium,UAV-Semantic-Communication,uav semantic communication,https://doi.org/10.1109/VTC2025-Spring65109.2025.11174638,,UAV semantic communication cooperative
doi:10.1109/tvt.2026.3692564,Joint Trajectory-Resource Optimization for UAV Semantic Communication Systems,Yue Sun; Shuang Du; Haibo Mei; Qi Wang; Chuanjie Liu; Huan Ye,Yue Sun,Sun,,,,10.1109/tvt.2026.3692564,,IEEE Transactions on Vehicular Technology,Semantic Scholar,medium,UAV-Semantic-Communication,uav semantic communication,https://doi.org/10.1109/tvt.2026.3692564,,UAV semantic communication cooperative
doi:10.1109/TSC.2025.3536319,User Preference Oriented Service Caching and Task Offloading for UAV-Assisted MEC Networks,Ruiting Zhou; Yifeng Huang; Yufeng Wang; Lei Jiao; Haisheng Tan; Renli Zhang; Libing Wu,Ruiting Zhou,Zhou,2025,2025-03-01,"Unmanned aerial vehicles (UAVs) have emerged as a new and flexible paradigm to offer low-latency and diverse mobile edge computing (MEC) services for user equipment (UE). To minimize the service delay, caching is introduced in UAV-assisted MEC networks to bring service contents closer to UEs. However, UAV-assisted MEC is challenged by the heavy communication overhead introduced by service caching and UAV’s limited energy capacity. In this article, we propose an online algorithm, OOA, that jointly optimizes caching and offloading decisions for UAV-assisted MEC networks, to minimize the overall service delay. Specifically, to improve the caching effectiveness and reduce the caching overhead, OOA employs a greedy algorithm to dynamically make caching decisions based on UEs’ preferences on services and UAVs’ historical trajectories, with the goal of maximizing the probability of successful offloading. To realize the rational utilization of energy from a long-term perspective, OOA decompose",10.1109/TSC.2025.3536319,,IEEE Transactions on Services Computing,Semantic Scholar,medium,Uncategorized,,https://doi.org/10.1109/TSC.2025.3536319,,UAV task-oriented communication drone
doi:10.1109/ICCC65529.2025.11149286,Maintaining Sensing Freshness: Task-Oriented Age of Information Based Joint Scheduling for UAV-Assisted ISCC Networks,Manqi Jiang; Sike Cheng; Xuanheng Li; Haichuan Ding,Manqi Jiang,Jiang,2025,2025-08-10,"With the rapid development of $\mathbf{6 G}$, the Integration of Sensing, Communication, and Computation (ISCC) has emerged as a critical architecture to support real-time, intelligent, and autonomous services in future smart cities and intelligent transportation systems. Unmanned Aerial Vehicles (UAVs), owing to their high flexibility and mobility, have become key enablers in ISCC networks. However, most existing studies on UAV-assisted networks mainly focus on partial components of sensing, communication, and computation, without fully considering their joint impact, leading to difficulties in ensuring end-to-end information freshness. To address this problem, building upon the concept of Age of Information (AoI), we specifically design Task-oriented AoI (TAoI). This metric enables a comprehensive evaluation of information timeliness across the entire processing pipeline, from raw sensing data to final results, by accounting for factors such as sensing update intervals, transmission ",10.1109/ICCC65529.2025.11149286,,2025 IEEE/CIC International Conference on Communications in China (ICCC),Semantic Scholar,medium,Uncategorized,,https://doi.org/10.1109/ICCC65529.2025.11149286,,UAV task-oriented communication drone
doi:10.1109/ICC52391.2025.11161433,Task-Oriented Transmission and Scheduling for UAV-Based Real-Time Target Tracking in SAGSIN,Hanyu Wu; Shaohua Wu; Siqi Meng; Dawei Chen; Pengfei Duan; Qinyu Zhang,Hanyu Wu,Wu,2025,2025-06-08,"The Space-Air-Ground-Sea Integrated Network (SAGSIN) offers broad communication coverage, enabling operations in remote regions. However, conventional remote UAV communication solutions require satellite relays, resulting in significant latency that hinders real-time response and decision accuracy for time-sensitive tasks like UAV target tracking and attacking. To address this challenge, we establish a direct communication loop between observation UAVs, the satellite control center, and Reconnaissance-Strike UAVs, reducing reliance on satellite-ground relays. This closed loop ensures continuous control and feedback, making the system highly task-oriented by enabling dynamic adjustments to meet real-time mission demands. Equipped with onboard processing and decision-making capabilities, Reconnaissance-Strike UAVs respond more rapidly and autonomously, enabling quicker, decentralized responses. To ensure data timeliness, we introduce the Age of Incorrect Information (AoII) as a metric to",10.1109/ICC52391.2025.11161433,,ICC 2025 - IEEE International Conference on Communications,Semantic Scholar,medium,Uncategorized,,https://doi.org/10.1109/ICC52391.2025.11161433,,UAV task-oriented communication drone
doi:10.1109/ICCSP64183.2025.11089266,Multi-Uav Cooperative Communication with Task Scheduling in Internet of Things (IoT) based Network,H. M. Hariz; Hussein Ali Rasool; N. Dhivyadevi; A. F. Abed; Fatima H. Alsalamy; M. Habelalmateen,H. M. Hariz,Hariz,2025,2025-06-05,"Internet of Things (IoT) is the most trending technology which is utilized in a huge number of wireless applications. In recent times the number of devices used in the IoT based networks are increased which effects the data management and control that leads to reduce the performance of the devices. To overcome these drawbacks currently an Unmanned Aerial Vehicles (UAVs) are developed through that the devices are effectively monitored. To solve the task scheduling oriented drawbacks in the IoT network in this article Multi UAV Cooperative Communication with Task Scheduling (MUCTS) is developed. The core processes of this model are the effective system model, task scheduling process and multi-UAV construction. As the result of this process task scheduling is effectively performed. The proposed MUCTS is implemented in NS3 and to calculate the output the parameters which are considered are network throughput and delivery rate. From the result the MUCTS performed in a better way than the ea",10.1109/ICCSP64183.2025.11089266,,2025 11th International Conference on Communication and Signal Processing (ICCSP),Semantic Scholar,medium,Uncategorized,,https://doi.org/10.1109/ICCSP64183.2025.11089266,,UAV task-oriented communication drone
doi:10.1109/TVT.2024.3453333,Multi-UAV Assisted Mixed FSO/RF Communication Network for Urgent Tasks: Fairness Oriented Design With DRL,Fang Xu; Bin Duo; Yiyuan Xie; Gaofeng Pan; Yandong Yang; Luozhi Zhang; Yichen Ye; Tingnan Bao; T. Gulliver; Yuanchen Wang,Fang Xu,Xu,2025,2025-01-01,"Wireless communications can be improved by employing free space optical (FSO) channels. Since optical signals can only be transmitted via line-of-sight paths, UAVs are employed to forward data from a base station (BS) to remote users for urgent tasks using multi-hop mixed FSO/RF links. The UAVs employ the decode and forward protocol to relay data. The last UAV decodes and forwards the data to multiple users through RF links using non-orthogonal multiple access (NOMA). To improve fairness, a modified deep reinforcement learning (DRL) algorithm is used to optimize the transmit power allocation in real-time to minimize the maximum user decoding outage probability. Numerical results are presented to illustrate the system design tradeoffs. In addition, the validity of the proposed approach are verified by comparing it with exhaustive search algorithm.",10.1109/TVT.2024.3453333,,IEEE Transactions on Vehicular Technology,Semantic Scholar,medium,Uncategorized,,https://doi.org/10.1109/TVT.2024.3453333,,UAV task-oriented communication drone
doi:10.1109/GLOBECOM59602.2025.11432022,Task-Oriented Communications for Visual Navigation with Edge-Aerial Collaboration in Low Altitude Economy,Zhengru Fang; Zhenghao Liu; Jingjing Wang; Senkang Hu; Yu Guo; Yiqin Deng; Yuguang Fang,Zhengru Fang,Fang,2025,2025-12-08,"To support the development of the Low Altitude Economy (LAE), it is essential to achieve precise localization of unmanned aerial vehicles (UAVs) in urban areas where global positioning system (GPS) signals are unavailable. Vision-based methods offer a viable alternative but face severe bandwidth, memory and processing constraints on lightweight UAVs. Inspired by mammalian spatial cognition, we propose a task-oriented communication framework, where UAVs equipped with multi-camera systems extract compact multi-view features and offload localization tasks to edge servers. We introduce the Orthogonally-constrained Variational Information Bottleneck encoder (O-VIB), which incorporates automatic relevance determination (ARD) to prune non-informative features while enforcing orthogonality to minimize redundancy. This enables efficient and accurate localization with minimal transmission cost. Extensive evaluation on a dedicated LAE UAV dataset shows that O-VIB achieves high-precision localizat",10.1109/GLOBECOM59602.2025.11432022,,GLOBECOM 2025 - 2025 IEEE Global Communications Conference,Semantic Scholar,medium,Uncategorized,,https://doi.org/10.1109/GLOBECOM59602.2025.11432022,,UAV task-oriented communication drone
doi:10.1109/ICUS66297.2025.11294262,A Trajectory Planning and Task Offloading Collaborative Optimization Method for Multi-UAV Assisted MEC,Bowen Zhu; Ran Zhang; Fubao Ma; Xirui Yang,Bowen Zhu,Zhu,2025,2025-09-18,"In multi Unmanned Aerial Vehicle (UAV) assisted Mobile Edge Computing (MEC) systems, there are difficulties in balancing user coverage, task delay, and energy consumption for collaborative trajectory planning and task offloading. To address these problems, a collaborative optimization method based on improved Multi-Agent Twin Delayed Deep Deterministic Policy Gradient (MATD3) algorithm is proposed in this research. This method models the system’s complex interactions as a Multi-agent Markov Decision Process (MMDP), and designs an enhanced state representation integrating service association matrices, to enhance the fine-grained perception capability of UAVs towards service topology. Besides, a global reward mechanism based on system-level pheromone signals is constructed to organically integrate multiple objectives such as coverage, delay, energy consumption and flight safety, guiding multi-UAV to efficiently learn collaborative decision-making strategies. Experimental results show tha",10.1109/ICUS66297.2025.11294262,,2025 IEEE International Conference on Unmanned Systems (ICUS),Semantic Scholar,medium,Multi-Agent-Coordination,uav trajectory optimization multi-agent,https://doi.org/10.1109/ICUS66297.2025.11294262,,multi-UAV collaborative perception edge
doi:10.1109/CCPQT66408.2025.11383452,"Green Multi-Agent Collaborative Networking with Integrated Sensing, Communication, and Computing: A Reinforcement Learning Approach",Yuzheng Ren; Junfeng Nie; Liuqi Fan; Xueyan Cao; Chunlei Sun,Yuzheng Ren,Ren,2025,2025-10-24,"The convergence of the internet of things and artificial intelligence is pushing networked systems toward collaborative operation, in which sensing, communication, and computing must be coordinated under dynamic conditions. Edge and mobile devices face tight energy budgets as well as nonstationary wireless rates and computing capacity, calling for energy-aware designs that ensure feasibility in each time slot and low latency. We study cooperative offloading and execution in unmanned aerial vehicle (UAV) swarms with mobile edge computing (MEC). Our approach captures the coupling among queueing, latency, and energy, supports cooperation within the same time slot, treats wireless resources as exogenous outcomes of lower layer scheduling, enforces a total mobile edge computing budget, and employs fixed cooperative routing. We formulate the problem as a centralized Markov decision process (MDP) in which a single centralized policy outputs a tripartite allocation for each UAV across local pr",10.1109/CCPQT66408.2025.11383452,,"2025 IEEE 4th International Conference on Computing, Communication, Perception and Quantum Technology (CCPQT)",Semantic Scholar,medium,Uncategorized,,https://doi.org/10.1109/CCPQT66408.2025.11383452,,multi-UAV collaborative perception edge
doi:10.3390/rs17142427,ES-Net Empowers Forest Disturbance Monitoring: Edge–Semantic Collaborative Network for Canopy Gap Mapping,Yutong Wang; Zhang Zhang; Jisheng Xia; Fei Zhao; Pinliang Dong,Yutong Wang,Wang,2025,2025-07-12,"Canopy gaps are vital microhabitats for forest carbon cycling and species regeneration, whose accurate extraction is crucial for ecological modeling and smart forestry. However, traditional monitoring methods have notable limitations: ground-based measurements are inefficient; remote-sensing interpretation is susceptible to terrain and spectral interference; and traditional algorithms exhibit an insufficient feature representation capability. Aiming at overcoming the bottleneck issues of canopy gap identification in mountainous forest regions, we constructed a multi-task deep learning model (ES-Net) integrating an edge–semantic collaborative perception mechanism. First, a refined sample library containing multi-scale interference features was constructed, which included 2808 annotated UAV images. Based on this, a dual-branch feature interaction architecture was designed. A cross-layer attention mechanism was embedded in the semantic segmentation module (SSM) to enhance the discriminati",10.3390/rs17142427,,Remote Sensing,Semantic Scholar,medium,Uncategorized,,https://doi.org/10.3390/rs17142427,,multi-UAV collaborative perception edge
doi:10.3390/drones9110755,Edge-Intelligence-Driven Cooperative Control Framework for Heterogeneous Unmanned Aerial and Surface Vehicles in Complex Maritime Environments,Jingfeng Yang; Lingling Zhao; Bo Peng,Jingfeng Yang,Yang,2025,2025-10-31,"With the increasing deployment of unmanned systems in maritime patrol, coastal monitoring, and environmental mapping, achieving effective UAV-USV collaboration in dynamic environments remains challenging. This paper proposes an edge-intelligence-driven collaborative control framework that integrates unified data modeling, multi-objective task scheduling, lightweight fault-tolerant middleware, and multi-sensor fusion. A Weighted Kalman Filter combines UAV imaging and USV sonar data to enhance perception accuracy, while NSGA-II optimizes task allocation considering completion time, energy consumption, and sensing reliability. The framework was validated through representative maritime scenarios, including patrol and coastal sediment mapping, on a virtual simulation platform. Results show improved task efficiency, energy utilization, communication latency, and robustness compared with single-platform and centralized scheduling approaches. The proposed method provides a balanced optimizati",10.3390/drones9110755,,Drones,Semantic Scholar,medium,Uncategorized,,https://doi.org/10.3390/drones9110755,,multi-UAV collaborative perception edge
doi:10.1109/JIOT.2025.3566670,MCDS: An Effective Multi-UAV Collaborative Decision-Making System in Mobile-Edge Computing Networks,Neal N. Xiong; Weiyu Zhong; Yuxiang Chen; Dacheng He; Yuhui Li; Linshu Chen; Wei Liang,Neal N. Xiong,Xiong,2025,2025-08-01,"Mobile-edge computing (MEC) pushes computing resources from the network center to the network edge to provide efficient and reliable computing services. However, due to the mobility and diversity of mobile users (MUs), edge servers (ESs) are likely to be overloaded, which leads to a rapid decline in the quality of service provided by the MEC system. This article introduces unmanned aerial vehicles (UAVs) to solve the problem of ES overload. This article presents an effective multi-UAV collaborative decision-making system (MCDS) tailored to optimize task offloading and resource allocation in MEC networks. The proposed system seeks to reduce task computing delays and energy consumption while guaranteeing timely task completion and compliance with resource constraints. We design a distributed two-stage optimization algorithm to jointly optimize the task offloading decision and resource allocation of the collaborative computing system (UAVs, ESs, and MUs). To address the flight cooperation",10.1109/JIOT.2025.3566670,,IEEE Internet of Things Journal,Semantic Scholar,medium,Uncategorized,,https://doi.org/10.1109/JIOT.2025.3566670,,multi-UAV collaborative perception edge
doi:10.1109/JIOT.2025.3577487,EP-MUSTO: Entropy-Enhanced DRL-Based Task Offloading in Secure Multi-UAV-Assisted Collaborative Edge Computing,Longxin Zhang; Runti Tan; Buqing Cao; Lihua Ai; Kenli Li; Keqin Li,Longxin Zhang,Zhang,2025,2025-08-15,"Unmanned aerial vehicles (UAVs)-assisted edge computing has emerged as an effective solution for providing contingency task offloading (TO) services when ground computing infrastructures are insufficient. However, UAVs face challenges in implementing efficient task offloading strategies due to their limited capabilities and the complexity of the privacy offloading problem. To address these challenges, this study constructs a digital twin (DT)-enabled UAV swarm-assisted secure computing model, which considers collaboration of devices, edges, and cloud resources. The model is designed to represent the three-tier computing environment as a DT virtual framework, allowing for the monitoring of network changes and the exploration of potential strategies. Furthermore, a joint optimization problem that considers time delay and energy consumption within encryption and decryption costs is formulated. To solve this problem, an entropy-enhanced proximal policy optimization-based multi-UAV assisted",10.1109/JIOT.2025.3577487,,IEEE Internet of Things Journal,Semantic Scholar,medium,Uncategorized,,https://doi.org/10.1109/JIOT.2025.3577487,,multi-UAV collaborative perception edge
doi:10.1109/JIOT.2024.3492953,Resource Allocation and Trajectory Optimization in Multi-UAV Collaborative Vehicular Networks: An Extended Multiagent DRL Approach,Wenqian Zhang; Lu Tan; Tao Huang; Xiaowen Huang; Mengting Huang; Guanglin Zhang,Wenqian Zhang,Zhang,2025,2025-04-15,"In vehicular networks enhanced by uncrewed aerial vehicles (UAVs), vehicle state information is efficiently collected, and traffic safety is assured. UAVs, serving as aerial base stations, enable vehicle network access and provide edge computing services in the absence of roadside units (RSUs). This study explores a multi-UAV-assisted vehicular network, where multiple UAVs collaboratively offer services to vehicles. The goal is to minimize task completion time by optimizing trajectory planning, spectrum resource allocation, and dynamic data offloading. An enhanced multiagent deep deterministic policy gradient (MADDPG) algorithm is introduced to address the optimization challenge in cooperative multi-UAV scenarios. Within this framework, each UAV, acting as an agent, devises strategies for movement, data offloading, and resource allocation based on the current states of vehicles and fellow UAVs. The simulation results reveal that the proposed algorithm improves task completion efficienc",10.1109/JIOT.2024.3492953,,IEEE Internet of Things Journal,Semantic Scholar,medium,UAV-Resource-Allocation,uav resource allocation trajectory optimization,https://doi.org/10.1109/JIOT.2024.3492953,,multi-UAV collaborative perception edge
doi:10.1109/ICAACE69793.2026.11509077,Multi-UAV Dynamic Target search Scheme by a Novel SCA-MAPPO Algorithm,Huanli Gao; Yundan Qiu; Ying Huang,Huanli Gao,Gao,2026,2026-03-20,,10.1109/ICAACE69793.2026.11509077,,2026 9th International Conference on Advanced Algorithms and Control Engineering (ICAACE),Semantic Scholar,low,Uncategorized,,https://doi.org/10.1109/ICAACE69793.2026.11509077,,UAV semantic communication cooperative
doi:10.1109/ICCT67417.2025.11374093,Mission-Oriented UAV Relay Deployment: Ensuring Reliability in Multi-Task Networks,Yuanyao Li; Jinghong Sun; Wenbin Guo,Yuanyao Li,Li,2025,2025-10-16,"Unmanned aerial vehicle (UAV) networks have enabled flexible deployment for diverse tactical missions, showing promising potential. In this paper, we address the critical challenge of reliable relay drone placement in mission-oriented UAV networks operating in dynamic environments, focusing on the joint relay deployment and topology optimization problem to maximize mission reliability under critical constraints including minimum inter-drone safety distances and network reliability. Towards this end, we develop a novel reliability assessment framework and propose an optimized deployment algorithm to ensure robust connectivity between the base station and task-performing UAVs. Firstly, we develop a novel reliability assessment framework based on path-weighted structural entropy, which quantifies network robustness using Markov-derived node accessibility probabilities, avoiding computational bottlenecks of traditional methods. Then, we propose an optimized deployment algorithm leveraging ",10.1109/ICCT67417.2025.11374093,,2025 IEEE 25th International Conference on Communication Technology (ICCT),Semantic Scholar,low,Uncategorized,,https://doi.org/10.1109/ICCT67417.2025.11374093,,UAV task-oriented communication drone
doi:10.1109/jsen.2024.3494028,Task Demand-Oriented Collaborative Offloading and Deployment Strategy in Software-Defined UAV-Assisted Edge Networks,Junjie Yan; Wenli Wang; Jingxian Liu; Junyi Deng; Haohao Yuan; Yaxin Zhu,Junjie Yan,Yan,2025,2025-01-01,"Unmanned aerial vehicles (UAVs), which are a crucial element of the future air-space-ground integrated network, can serve as potential mobile edge computing (MEC) nodes due to their onboard capabilities for storage, communication, and computation. However, current UAV-assisted MEC collaborative offloading methods primarily focus on addressing network requirements for computing tasks, while neglecting the heterogeneity in task demands due to the heterogeneity of task types and UAV service types. To address this, we propose a task demand-oriented collaborative offloading and deployment strategy in software-defined UAV-assisted edge networks. Specifically, to enhance the cache utilization of UAVs, we introduce a software-defined UAV edge network (SD-UEN) architecture, which facilitates cooperation among UAVs under the guidance of a software-defined networking (SDN) controller. In light of the heterogeneity of task demands, we employ the Tabu search-based matching (TSM) algorithm to accura",10.1109/jsen.2024.3494028,,IEEE Sensors Journal,Semantic Scholar,low,Uncategorized,,https://doi.org/10.1109/jsen.2024.3494028,,UAV task-oriented communication drone
doi:10.65102/is2026994,Practical research on UAV Swarm based on SL/T860-2026 specification in long-distance embankment Project Normalized inspection,Lijun Jiang,Lijun Jiang,Jiang,2026,2026-04-30,"Long distance dike inspection requires full section coverage, high-frequency deployment, and reliable defect detection, while manual inspection and stand-alone operation are still limited by efficiency, continuity, and data consistency. Under the SL/T860-2026 framework, a UAV swarm inspection framework integrating multi-source perception, collaborative path planning, multi-source processing, improved detection and specification compliance evaluation is constructed. The system uses six VTOL fixed-wing Uavs, three multi-rotor Uavs, visible light imagery, thermal infrared data, lidar point clouds and synchronous positioning information to support the full section inspection of 72 km of the lede. A three-level cooperative track strategy and track adjustment based on backtracking search are introduced to maintain overlap, edge continuity and safe obstacle avoidance. Field test results show that the coverage integrity, data archipping and specification compliance verification reach 100%, a s",10.65102/is2026994,,Ingegneria Sismica,Semantic Scholar,low,Uncategorized,,https://doi.org/10.65102/is2026994,,multi-UAV collaborative perception edge
doi:10.1109/TWC.2024.3524275,MUL-VR: Multi-UAV Collaborative Layered Visual Perception and Transmission for Virtual Reality,Xiaowei Tang; Yi Huang; Yunmei Shi; Qingqing Wu,Xiaowei Tang,Tang,2025,2025-04-01,"Nowadays, unmanned aerial vehicles (UAVs) are deployed to perceive high-definition visuals of ground targets (GTs) for environment reconstruction of virtual reality (VR) by leveraging their high flexibility. Inspired by the classic scalable video coding method, we develop a novel multi-UAV collaborative layered visual perception and transmission scheme for VR named MUL-VR, wherein GTs are divided into multiple overlapped clusters and multiple UAVs are deployed to collaboratively perceive visuals from these clusters. Specifically, our proposed formulation entails maximizing user’s quality of experience (QoE) by optimizing cluster radii, UAV horizontal coordinates, and bandwidth allocation strategy subject to the constraints on visual quality, transmission delay and available bandwidth. To address this issue, we formulate the investigated MUL-VR scheme into an intractable optimization problem, which, however, is difficult to solve due to the non-convexity of the objective function and co",10.1109/TWC.2024.3524275,,IEEE Transactions on Wireless Communications,Semantic Scholar,low,Uncategorized,,https://doi.org/10.1109/TWC.2024.3524275,,multi-UAV collaborative perception edge
